{"nextId":2,"logins":[{"id":1,"hostname":"https://www.reddit.com","httpRealm":null,"formSubmitURL":"https://www.reddit.com","usernameField":"username","passwordField":"password","encryptedUsername":"MDoEEPgAAAAAAAAAAAAAAAAAAAEwFAYIKoZIhvcNAwcECBYIUIoLIRe/BBB32fryFvAbbq63tqBwWC4p","encryptedPassword":"MEIEEPgAAAAAAAAAAAAAAAAAAAEwFAYIKoZIhvcNAwcECDSbaCgH2nxBBBjmwVKy5xlXemkv2Yx3CyQnEh0Pa8CL/Ww=","guid":"{7c249e82-7767-4509-ae60-12a4355a14b2}","encType":1,"timeCreated":1675020586906,"timeLastUsed":1675020586906,"timePasswordChanged":1675020586906,"timesUsed":1}],"potentiallyVulnerablePasswords":[],"dismissedBreachAlertsByLoginGUID":{},"version":3}