{"environment":{"locale":"en-GB","localeLanguageCode":"en","browserSettings":{"update":{"channel":"release","enabled":true,"autoDownload":true,"background":true}},"attributionData":{},"currentDate":"2023-01-29T19:36:38.886Z","profileAgeCreated":1675020483887,"usesFirefoxSync":false,"isFxAEnabled":true,"sync":{"desktopDevices":0,"mobileDevices":0,"totalDevices":0},"xpinstallEnabled":true,"addonsInfo":{"addons":{"formautofill@mozilla.org":{"version":"1.0.1","type":"extension","isSystem":true,"isWebExtension":true,"name":"Form Autofill","userDisabled":false,"installDate":"2023-01-12T20:24:19.000Z"},"pictureinpicture@mozilla.org":{"version":"1.0.0","type":"extension","isSystem":true,"isWebExtension":true,"name":"Picture-In-Picture","userDisabled":false,"installDate":"2023-01-12T20:24:19.000Z"},"screenshots@mozilla.org":{"version":"39.0.1","type":"extension","isSystem":true,"isWebExtension":true,"name":"Firefox Screenshots","userDisabled":false,"installDate":"2023-01-12T20:24:19.000Z"},"webcompat@mozilla.org":{"version":"109.0.0","type":"extension","isSystem":true,"isWebExtension":true,"name":"Web Compatibility Interventions","userDisabled":false,"installDate":"2023-01-12T20:24:19.000Z"},"addons-search-detection@mozilla.com":{"version":"2.0.0","type":"extension","isSystem":false,"isWebExtension":true,"name":"Add-ons Search Detection","userDisabled":false,"installDate":"2023-01-29T19:28:04.863Z"},"google@search.mozilla.org":{"version":"1.3","type":"extension","isSystem":false,"isWebExtension":true,"name":"Google","userDisabled":false,"installDate":"2023-01-29T19:28:05.186Z"},"amazondotcom@search.mozilla.org":{"version":"1.4","type":"extension","isSystem":false,"isWebExtension":true,"name":"Amazon.com","userDisabled":false,"installDate":"2023-01-29T19:28:05.250Z"},"wikipedia@search.mozilla.org":{"version":"1.2","type":"extension","isSystem":false,"isWebExtension":true,"name":"Wikipedia (en)","userDisabled":false,"installDate":"2023-01-29T19:28:05.300Z"},"bing@search.mozilla.org":{"version":"1.4","type":"extension","isSystem":false,"isWebExtension":true,"name":"Bing","userDisabled":false,"installDate":"2023-01-29T19:28:05.341Z"},"ddg@search.mozilla.org":{"version":"1.2","type":"extension","isSystem":false,"isWebExtension":true,"name":"DuckDuckGo","userDisabled":false,"installDate":"2023-01-29T19:28:05.363Z"},"ebay@search.mozilla.org":{"version":"1.4","type":"extension","isSystem":false,"isWebExtension":true,"name":"eBay","userDisabled":false,"installDate":"2023-01-29T19:28:05.407Z"}},"isFullData":true},"searchEngines":{"current":"google-b-d","installed":["google-b-d","amazondotcom","bing","ddg","ebay-uk","wikipedia"]},"isDefaultBrowser":false,"devToolsOpenedCount":0,"topFrecentSites":[{"url":"https://tryhackme.com/","host":"tryhackme.com","frecency":2075,"lastVisitDate":1675020852002},{"url":"https://amazon.com","host":"amazon.com","frecency":2000,"lastVisitDate":1675020498189},{"url":"https://www.python.org/downloads/","host":"www.python.org","frecency":100,"lastVisitDate":1675020601821},{"url":"https://google.com","host":"google.com","frecency":100,"lastVisitDate":1675020600102},{"url":"https://www.reddit.com/","host":"www.reddit.com","frecency":100,"lastVisitDate":1675020551097},{"url":"https://www.mozilla.org/en-US/privacy/firefox/","host":"www.mozilla.org","frecency":100,"lastVisitDate":1675020485490}],"recentBookmarks":[{"bookmarkGuid":"vvl6-UrMIJgQ","description":"TryHackMe is a free online platform for learning cyber security, using hands-on exercises and labs, all through your browser!","guid":"DyyCTwRrWNYc","preview_image_url":"https://tryhackme.com/img/meta/default.png","title":"TryHackMe | Cyber Security Training","url":"https://tryhackme.com/","date_added":1675020857465,"type":"bookmark"}],"pinnedSites":[],"providerCohorts":{"onboarding":"","cfr":"","message-groups":"","messaging-experiments":"","snippets":"","whats-new-panel":""},"totalBookmarksCount":6,"firefoxVersion":109,"region":"PK","needsUpdate":false,"hasPinnedTabs":false,"hasAccessedFxAPanel":false,"isWhatsNewPanelEnabled":true,"userPrefs":{"cfrFeatures":true,"cfrAddons":true,"snippets":false},"totalBlockedCount":37,"blockedCountByType":{"trackerCount":0,"cookieCount":37,"cryptominerCount":0,"fingerprinterCount":0,"socialCount":0},"attachedFxAOAuthClients":[],"platformName":"win","isChinaRepack":false,"userId":"0941aff7-8e2e-4c03-89f0-348a39022b14","profileRestartCount":0,"homePageSettings":{"isWebExt":false,"isCustomUrl":false,"urls":[{"url":"about:home","host":""}],"isDefault":true,"isLocked":false},"newtabSettings":{"isWebExt":false,"isCustomUrl":false,"isDefault":true,"url":"about:newtab","host":""},"isFissionExperimentEnabled":false,"activeNotifications":false,"isMajorUpgrade":false,"hasActiveEnterprisePolicies":false,"userMonthlyActivity":[[18,"2023-01-29"]],"doesAppNeedPin":false,"doesAppNeedPrivatePin":true,"isBackgroundTaskMode":false,"backgroundTaskName":null,"userPrefersReducedMotion":false,"colorwaysActive":false,"userEnabledActiveColorway":false,"inMr2022Holdback":false,"distributionId":"","fxViewButtonAreaType":"toolbar"},"version":1}