{"chrome://browser/content/browser.xhtml":{"main-window":{"screenX":"4","screenY":"4","width":"1296","height":"899","sizemode":"normal"},"sidebar-box":{"sidebarcommand":"","style":""},"sidebar-title":{"value":""}},"chrome://browser/content/places/places.xhtml":{"placesContentTags":{"ordinal":"3"},"placesContentUrl":{"ordinal":"5"},"placesContentDate":{"ordinal":"7"},"placesContentVisitCount":{"ordinal":"9"},"placesContentDateAdded":{"ordinal":"11"},"placesContentLastModified":{"ordinal":"13"},"place:CqewroxEONFH0b8ILWSXYA==":{"open":"true"},"placesContentTitle":{"sortDirection":"ascending"}}}